[
  {
    "id": "hieronotes",
    "type": "BOOK",
    "name": { "str": "The Compiled Notes of H.", "str_pl": "copies of The Compiled Notes of H." },
    "description": "A handwriting with an air of nobility and flourish dot the pages of this emaciated tome. It appears to have been penned by an individual whose name starts with an H. The exquisite cursive provides a sharp dissonance to the actual contents of the work however, as it seems to be sprawling with forgotten folklore and dubious mysteries.",
    "weight": "333 g",
    "volume": "777 ml",
    "price": "700 USD",
    "price_postapoc": "3 USD",
    "material": [ "paper" ],
    "symbol": "?",
    "looks_like": "recipe_creepy",
    "color": "light_gray",
    "skill": "godsonfaith",
    "required_level": 1,
    "max_level": 2,
    "intelligence": 12,
    "time": "60 m",
    "fun": -1
  },
  {
    "id": "hierodreams",
    "type": "BOOK",
    "name": { "str": "Accursed Dreams of H.", "str_pl": "copies of Accursed Dreams of H." },
    "description": "A handwriting with an air of nobility and flourish dot the pages of this emaciated tome. It appears to have been penned by an individual whose name starts with an H. The exquisite cursive provides a sharp dissonance to the actual contents of the work however, as it seems to be sprawling with dreary landscapes of insufferable horrors and nightmares too convoluted to explain.",
    "weight": "333 g",
    "volume": "777 ml",
    "price": "700 USD",
    "price_postapoc": "3 USD",
    "material": [ "paper" ],
    "symbol": "?",
    "looks_like": "recipe_creepy",
    "color": "light_gray",
    "skill": "godsonfaith",
    "required_level": 2,
    "max_level": 3,
    "intelligence": 12,
    "time": "60 m",
    "fun": -2
  },
  {
    "id": "hierorevelation",
    "type": "BOOK",
    "name": { "str": "The Apotheosis of Hieronymous", "str_pl": "copies of The Apotheosis of Hieronymous" },
    "description": "A handwriting with an air of triumph and excellence decorate the pages of this extravagant tome. It appears to have been penned by an individual styled as Hieronymous. The exquisite cursive provides a startling insight into the actual contents of the work, as it closely resembles a holy scripture you would find in a sacred sanctuary or coven.",
    "weight": "333 g",
    "volume": "777 ml",
    "price": "700 USD",
    "price_postapoc": "3 USD",
    "material": [ "paper" ],
    "symbol": "?",
    "looks_like": "holybook_bible1",
    "color": "light_gray",
    "skill": "godsonfaith",
    "required_level": 3,
    "max_level": 4,
    "intelligence": 12,
    "time": "60 m",
    "fun": 2
  },
  {
    "id": "monomyth",
    "type": "BOOK",
    "name": { "str": "Monomyth", "str_pl": "copies of Monomyth" },
    "description": "Hazy details concerning beings such as 'The Crippled God,' 'Hegemon,' 'Lord of Radiance,' and 'Empyrean' fill the innumerable landscape of this monumental codex. At the back, there is an entire section spanning dozens of pages dedicated to honoring the contributers of this enlightened work. Strangely, every single name is crossed out, leading to only a single name being legible. Lord Ruler.",
    "weight": "2800 g",
    "volume": "3600 ml",
    "price": "1200 USD",
    "price_postapoc": "12 USD",
    "material": [ "paper" ],
    "symbol": "?",
    "looks_like": "holybook_bible1",
    "color": "light_gray",
    "skill": "godsonfaith",
    "required_level": 4,
    "max_level": 5,
    "intelligence": 12,
    "time": "60 m",
    "fun": 2
  }
]