[
  {
    "id": "fd_godsonlight",
    "type": "field_type",
    "//": "Light is just enough to make the tile it's in fully bright.",
    "intensity_levels": [ { "name": "lordly light", "light_emitted": 10 } ],
    "half_life": "1 seconds",
    "phase": "plasma",
    "display_field": false
  },
  {
    "id": "fd_angelicdescent",
    "type": "field_type",
    "intensity_levels": [
      { "name": "holy brilliance", "color": "light_gray", "sym": "*", "light_emitted": 160 },
      { "name": "divine luster", "color": "dark_gray", "light_emitted": 160 },
      {
        "name": "pure radiance",
        "color": "magenta",
        "transparent": false,
        "monster_spawn_chance": 15,
        "monster_spawn_count": 1,
        "monster_spawn_radius": 1,
        "monster_spawn_group": "GROUP_RADIANT",
        "light_emitted": 160
      }
    ],
    "priority": 9,
    "half_life": "10 seconds",
    "accelerated_decay": true,
    "wandering_field": "fd_godsonlight",
    "gas_absorption_factor": 15,
    "dirty_transparency_cache": true,
    "phase": "gas",
    "display_items": false,
    "display_field": true,
    "looks_like": "fd_dazzling"
  }
]