[
  {
    "id": "mon_radiant",
    "type": "MONSTER",
    "name": { "str": "Radiant" },
    "description": "A vaguely humanoid figure whose prime essence seems to be nothing but the purest light. It glows with a divine aura, and all who gaze upon its immaculate form shall seek repentance. Occasionally, during the briefest of glimpses, one may catch the image of a vast hand overlapping with this creature.",
    "default_faction": "player",
    "bodytype": "angel",
    "species": [ "UNKNOWN" ],
    "diff": 4,
    "volume": "77777 ml",
    "weight": "77 kg",
    "hp": 77,
    "speed": 77,
    "material": [ "flesh" ],
    "symbol": "R",
    "color": "white",
    "aggression": 100,
    "morale": 100,
    "melee_skill": 7,
    "melee_dice": 7,
    "melee_dice_sides": 7,
    "melee_cut": 7,
    "armor_bash": 7,
    "armor_cut": 7,
    "armor_bullet": 7,
    "vision_day": 77,
    "luminance": 7,
    "dodge": 3,
    "harvest": "exempt",
    "special_attacks": [ [ "FLAMETHROWER", 10 ], [ "GRAB", 5 ], [ "SHOCKSTORM", 15 ], [ "SMASH", 7 ] ],
    "death_function": [ "SMOKEBURST" ],
    "flags": [ "SEES", "HEARS", "SMELLS", "WARM", "BLEED", "HARDTOSHOOT", "ATTACKMON", "FLIES" ]
  },
  {
    "id": "mon_shadowoflight",
    "type": "MONSTER",
    "name": { "str": "shadow of light" },
    "description": "It is the manifestation of the highest form of light. The absence of darkness has made the brightness of the world into an equal equation. In front of the abyss, all is twilight. Dawn and Dusk are held equal in the hands of H.",
    "default_faction": "player",
    "bodytype": "angel",
    "species": [ "UNKNOWN" ],
    "diff": 7,
    "volume": "77777 ml",
    "weight": "77 kg",
    "hp": 777,
    "speed": 777,
    "material": [ "flesh" ],
    "symbol": "S",
    "color": "white",
    "aggression": 100,
    "morale": 100,
    "melee_skill": 7,
    "melee_dice": 7,
    "melee_dice_sides": 7,
    "melee_cut": 7,
    "armor_bash": 7,
    "armor_cut": 7,
    "armor_bullet": 7,
    "vision_day": 77,
    "luminance": 7,
    "dodge": 7,
    "harvest": "exempt",
    "death_function": [ "SMOKEBURST" ],
    "flags": [ "SEES", "HEARS", "SMELLS", "HARDTOSHOOT", "ATTACKMON", "FLIES" ]
  }
]