[
  {
    "result": "itemaddapostate",
    "type": "recipe",
    "category": "CC_PHANTASMAGORIA",
    "subcategory": "CSC_PHANTASMAGORIA_ITEMS",
    "skill_used": "godsonfaith",
    "difficulty": 2,
    "//": "Gives the player the mutation GODSONAPOSTATE.",
    "skills_required": [ [ "godsonfaith", 1 ] ],
    "time": "10 seconds",
    "autolearn": false,
    "book_learn": [ [ "holybook_bible1", 1 ], [ "holybook_bible2", 1 ], [ "holybook_bible3", 1 ] ],
    "components": [ [ [ "holy_symbol", 1 ], [ "holy_symbol_wood", 1 ], [ "small_relic", 1 ] ] ]
  },
  {
    "result": "itemaddsaint",
    "type": "recipe",
    "category": "CC_PHANTASMAGORIA",
    "subcategory": "CSC_PHANTASMAGORIA_ITEMS",
    "skill_used": "godsonfaith",
    "difficulty": 3,
    "skills_required": [ [ "godsonfaith", 2 ] ],
    "time": "10 seconds",
    "autolearn": false,
    "book_learn": [ [ "hieronotes", 1 ], [ "hierodreams", 1 ], [ "hierorevelation", 1 ], [ "monomyth", 1 ] ],
    "components": [ [ [ "blood", 1 ] ], [ [ "bone", 1 ] ] ]
  },
  {
    "result": "itemaddincarnate",
    "type": "recipe",
    "category": "CC_PHANTASMAGORIA",
    "subcategory": "CSC_PHANTASMAGORIA_ITEMS",
    "skill_used": "godsonfaith",
    "difficulty": 4,
    "skills_required": [ [ "godsonfaith", 3 ] ],
    "time": "10 seconds",
    "autolearn": false,
    "book_learn": [ [ "hierodreams", 1 ], [ "hierorevelation", 1 ], [ "monomyth", 1 ] ],
    "components": [ [ [ "blood", 100 ] ], [ [ "bone", 100 ] ] ]
  }
]