[
  {
    "id": "godson_churchoflight",
    "type": "SPELL",
    "name": { "str": "Manifest Brilliance" },
    "description": "A profound gift to the true believer of the Lord of Luminence. Legends proclaim that the mysteries of Luminence reveal the seven out of the one. This particular grace of Luminence evokes the path of Banishment out of the seven, which smites blasphemy.",
    "sprite": "fd_dazzling",
    "message": "Luminous hues dance across the landscape as the miracle of Light appears.",
    "effect": "target_attack",
    "extra_effects": [ { "id": "godson_churchoflight_bright", "hit_self": false, "max_level": 10 } ],
    "valid_targets": [ "ground" ],
    "flags": [ "CONCENTRATE", "NO_HANDS", "NO_LEGS", "IGNORE_WALLS", "SILENT" ],
    "spell_class": "GODSONWORSHIP",
    "min_range": 3,
    "max_range": 12,
    "range_increment": 0.4,
    "min_aoe": 2,
    "max_aoe": 8,
    "aoe_increment": 0.4,
    "max_level": 10,
    "difficulty": 1,
    "skill": "godsonfaith",
    "energy_source": "MANA",
    "base_casting_time": 150,
    "final_casting_time": 50,
    "casting_time_increment": -5.0,
    "base_energy_cost": 150,
    "final_energy_cost": 50,
    "energy_increment": -5.0,
    "min_duration": 100000,
    "max_duration": 500000,
    "duration_increment": 25000,
    "field_id": "fd_godsonlight",
    "field_chance": 1,
    "min_field_intensity": 1,
    "max_field_intensity": 1
  },
  {
    "id": "godson_churchoflight_bright",
    "type": "SPELL",
    "name": { "str": "Conjure Brightlord" },
    "sprite": "fd_dazzling",
    "description": "Affects all vanilla SUNDEATH/NIGHT_INVISIBILITY monsters.",
    "message": "",
    "effect": "target_attack",
    "effect_str": "dazed",
    "valid_targets": [ "hostile" ],
    "targeted_monster_ids": [
      "mon_dark_wyrm",
      "mon_albino_penguin",
      "mon_blank",
      "mon_darkman",
      "mon_hunting_horror",
      "mon_shadow",
      "mon_shadow_snake",
      "mon_zombie_brute_ninja",
      "mon_zombie_shady",
      "mon_zombie_soldier_blackops_1",
      "mon_zombie_soldier_blackops_2",
      "devilspawn_shaedstuff"
    ],
    "flags": [ "IGNORE_WALLS", "SILENT" ],
    "min_damage": 10,
    "max_damage": 50,
    "damage_increment": 5,
    "damage_type": "fire",
    "min_range": 3,
    "max_range": 12,
    "range_increment": 0.4,
    "min_aoe": 2,
    "max_aoe": 8,
    "aoe_increment": 0.4,
    "max_level": 10,
    "min_duration": 500,
    "max_duration": 3000,
    "duration_increment": 150
  },
  {
    "id": "godson_prayer",
    "type": "SPELL",
    "name": { "str": "Salutation to the Dawn" },
    "description": "All of the followers of Light have their own bit of light within themselves. Seek it, and ye shall find it.",
    "sprite": "fd_dazzling",
    "valid_targets": [ "self" ],
    "message": "You meditate deeply with the divine light within, and soon, a divine light without manifests behind your ennobled visage.",
    "flags": [ "CONCENTRATE", "NO_HANDS", "NO_LEGS", "IGNORE_WALLS", "SILENT" ],
    "spell_class": "GODSONWORSHIP",
    "effect": "spawn_item",
    "effect_str": "godson_halo",
    "energy_source": "STAMINA",
    "difficulty": 1,
    "skill": "godsonfaith",
    "max_level": 5,
    "base_casting_time": 100,
    "final_casting_time": 50,
    "casting_time_increment": -5,
    "base_energy_cost": 8000,
    "final_energy_cost": 2000,
    "energy_increment": -600.0,
    "min_duration": 50000,
    "max_duration": 100000,
    "duration_increment": 20000
  },
  {
    "id": "godson_empathy",
    "type": "SPELL",
    "name": { "str": "Sacrificial Empathy" },
    "description": "The Lord suffered for the sins of all but Himself. Hence, the followers of Light strive to emulate His noble grace. To suffer is to live. To suffer is to understand.",
    "sprite": "fd_dazzling",
    "valid_targets": [ "hostile" ],
    "message": "Your body which was once wrought with sin has found compassion through penance of mental anguish. You feel a sense of brotherhood with the Other.",
    "flags": [ "CONCENTRATE", "NO_HANDS", "NO_LEGS", "IGNORE_WALLS", "SILENT" ],
    "spell_class": "GODSONWORSHIP",
    "effect": "charm_monster",
    "energy_source": "FATIGUE",
    "difficulty": 2,
    "skill": "godsonfaith",
    "min_range": 3,
    "max_range": 12,
    "range_increment": 0.6,
    "max_level": 10,
    "min_damage": 10,
    "max_damage": 100,
    "damage_increment": 5.5,
    "base_casting_time": 1000,
    "final_casting_time": 500,
    "casting_time_increment": -100,
    "base_energy_cost": 80,
    "final_energy_cost": 20,
    "energy_increment": -8.0,
    "min_duration": 50000,
    "max_duration": 100000,
    "duration_increment": 20000
  },
  {
    "id": "godson_angeldescent",
    "type": "SPELL",
    "name": { "str": "Radiant Illumination" },
    "description": "The angels of the Lord are the Radiants. The Radiants may anchor upon a sufficiently devout follower of the Brightlord and be made manifest in the phenomenal world.",
    "sprite": "fd_dazzling",
    "valid_targets": [ "self" ],
    "message": "As you attune yourself to the heavenly flame, you begin to hear hymns forgotten by sinful man. As tears stream down your face in bliss, you manage to catch a glimpse of an almighty palm pressing down on your forehead. He is here. He has come! Rejoice!",
    "flags": [ "CONCENTRATE", "NO_HANDS", "NO_LEGS", "IGNORE_WALLS", "SILENT" ],
    "spell_class": "GODSONWORSHIP",
    "effect": "spawn_item",
    "effect_str": "godson_anchorofradiants",
    "energy_source": "FATIGUE",
    "difficulty": 6,
    "skill": "godsonfaith",
    "max_level": 10,
    "base_casting_time": 4200,
    "final_casting_time": 700,
    "casting_time_increment": -300,
    "base_energy_cost": 700,
    "final_energy_cost": 300,
    "energy_increment": -20.0,
    "min_duration": 1000,
    "max_duration": 50000,
    "duration_increment": 4000
  },
  {
    "id": "godson_overlord",
    "type": "SPELL",
    "name": { "str": "Overlord of Archangels" },
    "description": "The archangels of the Lord serve only one purpose. It is the preservation of the Incarnations of the Lord across the various realms in the firmament.",
    "sprite": "fd_dazzling",
    "valid_targets": [ "ground" ],
    "message": "The world slows to a crawl as some... thing approaches it. Out of the corner of your eye, you envision a growing crack in the fabric of reality. Although your devotion tells you whatever beyond it is here to aid you, a primal fear washes over you. What have you brought into this world?",
    "flags": [ "CONCENTRATE", "NO_HANDS", "NO_LEGS", "IGNORE_WALLS", "SILENT" ],
    "spell_class": "GODSONWORSHIP",
    "effect": "summon",
    "effect_str": "mon_shadowoflight",
    "energy_source": "MANA",
    "difficulty": 8,
    "skill": "godsonfaith",
    "max_level": 5,
    "min_damage": 1,
    "max_damage": 3,
    "damage_increment": 0.2,
    "min_range": 3,
    "max_range": 8,
    "range_increment": 0.5,
    "min_aoe": 2,
    "max_aoe": 2,
    "base_casting_time": 2000,
    "final_casting_time": 500,
    "casting_time_increment": -600,
    "base_energy_cost": 1200,
    "final_energy_cost": 1000,
    "energy_increment": -10.0,
    "min_duration": 1000,
    "max_duration": 10000,
    "duration_increment": 1000
  },
  {
    "id": "godson_salvation",
    "type": "SPELL",
    "name": { "str": "Salvation of the Lambs" },
    "description": "The Good Word of the Lord shall heal the sick and nurture the damned. Speak the Word for salvation, Incarnate.",
    "sprite": "fd_dazzling",
    "message": "You opened your mouth but no words came. The Word was spoken but none heard it. Yet, all felt it.",
    "valid_targets": [ "self", "ally" ],
    "flags": [ "CONCENTRATE", "NO_HANDS", "NO_LEGS", "IGNORE_WALLS", "SILENT" ],
    "energy_source": "MANA",
    "effect": "target_attack",
    "min_damage": -20,
    "max_damage": -80,
    "damage_increment": -10.0,
    "max_level": 10,
    "min_range": 1,
    "max_range": 10,
    "range_increment": 1.0,
    "base_casting_time": 1000,
    "final_casting_time": 1000,
    "base_energy_cost": 1000,
    "final_energy_cost": 1000,
    "spell_class": "GODSONWORSHIP",
    "skill": "godsonfaith",
    "difficulty": 6
  }
]