[
  {
    "id": "darkestdarkness",
    "type": "BOOK",
    "name": { "str": "Tales from the Half-Underground", "str_pl": "copies of Tales from the Half-Underground" },
    "description": "A barely discernible handwriting is scribbled all across the pages of this once-majestic tome. It is clear it was once a work of great erudition, yet it is currently barely holding on together. The contents of the book seem to describe some sort of building design, although you aren't sure what exactly.",
    "weight": "333 g",
    "volume": "666 ml",
    "price": "600 USD",
    "price_postapoc": "6 USD",
    "material": [ "paper" ],
    "symbol": "?",
    "looks_like": "recipe_creepy",
    "color": "light_gray",
    "skill": "devilspawnveneration",
    "required_level": 1,
    "max_level": 2,
    "intelligence": 12,
    "time": "60 m",
    "fun": -1
  },
  {
    "id": "tolerantnight",
    "type": "BOOK",
    "name": { "str": "Treatise on Toleration", "str_pl": "copies of Treatise on Toleration" },
    "description": "A barely discernible handwriting is scribbled all across the pages of this once-majestic tome. It is clear it was once a work of great erudition, yet it is currently barely holding on together. The contents of the book seem to provide a comprehensive and exhaustive commentary on the execution of a heretic in 1468.",
    "weight": "333 g",
    "volume": "666 ml",
    "price": "600 USD",
    "price_postapoc": "6 USD",
    "material": [ "paper" ],
    "symbol": "?",
    "looks_like": "recipe_creepy",
    "color": "light_gray",
    "skill": "devilspawnveneration",
    "required_level": 2,
    "max_level": 3,
    "intelligence": 12,
    "time": "60 m",
    "fun": -2
  },
  {
    "id": "ashfall",
    "type": "BOOK",
    "name": { "str": "Ashkhan Allegiance", "str_pl": "copies of Ashkhan Allegiance" },
    "description": "A barely discernible handwriting is scribbled all across the pages of this once-majestic tome. It is clear it was once a work of great erudition, yet it is currently barely holding on together. The contents of the book seem to discuss the existence of an 'Ashkhan' who was foretold in the 'Book of Impermanence' and whose destiny is to '...wipe the land of the unnatural.'",
    "weight": "333 g",
    "volume": "666 ml",
    "price": "600 USD",
    "price_postapoc": "6 USD",
    "material": [ "paper" ],
    "symbol": "?",
    "looks_like": "holybook_bible1",
    "color": "light_gray",
    "skill": "devilspawnveneration",
    "required_level": 3,
    "max_level": 4,
    "intelligence": 12,
    "time": "60 m",
    "fun": 2
  },
  {
    "id": "twinpeaks",
    "type": "BOOK",
    "name": { "str": "One True Faith", "str_pl": "copies of One True Faith" },
    "description": "This leather-bound journal only has a single sentence repeated ad nauseam. 'Four Gods, One Betrayed. Nine Saw, Three Told. Seven Stole, Two Remained. One Killed, One Died.",
    "weight": "1000 g",
    "volume": "1000 ml",
    "price": "1000 USD",
    "price_postapoc": "1000 USD",
    "material": [ "paper" ],
    "symbol": "?",
    "looks_like": "holybook_bible1",
    "color": "light_gray",
    "skill": "devilspawnveneration",
    "required_level": 4,
    "max_level": 5,
    "intelligence": 12,
    "time": "60 m",
    "fun": 2
  }
]