[
  {
    "id": "devilspawn_shaedstuff",
    "type": "MONSTER",
    "name": { "str": "shaed" },
    "description": "It has no beginning and end. It was called forth from the depths of nothing and it shall return once it has accomplished its duty. That which is dead may never die once more.",
    "default_faction": "player",
    "bodytype": "angel",
    "species": [ "UNKNOWN" ],
    "diff": 3,
    "volume": "6666 ml",
    "weight": "6 kg",
    "hp": 66,
    "speed": 66,
    "material": [ "flesh" ],
    "symbol": "S",
    "color": "red",
    "aggression": 100,
    "morale": 100,
    "melee_skill": 6,
    "melee_dice": 6,
    "melee_dice_sides": 6,
    "melee_cut": 6,
    "armor_bash": 6,
    "armor_cut": 6,
    "armor_bullet": 6,
    "vision_night": 66,
    "dodge": 6,
    "harvest": "exempt",
    "special_attacks": [ [ "impale", 2 ] ],
    "death_function": [ "DARKMAN" ],
    "flags": [ "SEES", "NIGHT_INVISIBILITY", "SUNDEATH", "HARDTOSHOOT", "ATTACKMON", "FLIES" ]
  }
]