[
  {
    "id": "devilspawn_nighteye",
    "type": "SPELL",
    "name": "Wicked Iris",
    "description": "A proof of your damnation.",
    "message": "The shadows flicker before settling down into the outlines of the world.",
    "valid_targets": [ "self" ],
    "spell_class": "DEVILSPAWN",
    "skill": "devilspawnveneration",
    "effect": "target_attack",
    "effect_str": "devilspawn_sight",
    "min_range": 1,
    "max_range": 1,
    "base_casting_time": 10,
    "base_energy_cost": 100,
    "energy_source": "MANA",
    "difficulty": 1,
    "max_level": 6,
    "min_duration": 100000,
    "max_duration": 100000
  },
  {
    "id": "devilspawn_ageofdarkness",
    "type": "SPELL",
    "name": { "str": "Desolate Era" },
    "description": "A bleak wind has swept across the barren face of the planet. A new age has begun, and you feel the power of the King atop his ivory throne of sacred bone reaching out to his posse. Welcome the new era, Devilspawn.",
    "sprite": "fd_fog",
    "message": "Darkness sweeps across the land as every wayward souce of light is extinguished.",
    "valid_targets": [ "self" ],
    "flags": [ "CONCENTRATE", "NO_HANDS", "NO_LEGS", "IGNORE_WALLS", "SILENT" ],
    "spell_class": "DEVILSPAWN",
    "effect": "spawn_item",
    "effect_str": "devilspawn_decay",
    "max_level": 6,
    "difficulty": 2,
    "skill": "devilspawnveneration",
    "energy_source": "HP",
    "base_casting_time": 50,
    "final_casting_time": 30,
    "casting_time_increment": -4.0,
    "base_energy_cost": 5,
    "final_energy_cost": 5,
    "min_duration": 10000,
    "max_duration": 50000,
    "duration_increment": 4000
  },
  {
    "id": "devilspawn_voxpopuli",
    "type": "SPELL",
    "name": { "str": "Vox Populi" },
    "description": "The power of the people stems from their numbers. Yet when the world is emptied of its inhabitants, the voice longs for a speaker. The new ones from afar shalls suffice.",
    "sprite": "fd_fog",
    "message": "A massacre of echoes thunder across the basin of the world, hollowing it out of any dissidents and drowning the cries of sorrow.",
    "valid_targets": [ "ally", "hostile", "ground" ],
    "flags": [ "CONCENTRATE", "NO_HANDS", "NO_LEGS", "IGNORE_WALLS", "SILENT" ],
    "spell_class": "DEVILSPAWN",
    "effect": "line_attack",
    "damage_type": "fire",
    "max_level": 6,
    "difficulty": 4,
    "skill": "devilspawnveneration",
    "energy_source": "HP",
    "base_casting_time": 60,
    "final_casting_time": 20,
    "casting_time_increment": -5.0,
    "base_energy_cost": 10,
    "final_energy_cost": 10,
    "min_damage": 20,
    "max_damage": 80,
    "damage_increment": 4.0,
    "min_range": 6,
    "max_range": 21,
    "range_increment": 2.0,
    "min_aoe": 1,
    "max_aoe": 5,
    "aoe_increment": 0.2
  },
  {
    "id": "devilspawn_shaed",
    "type": "SPELL",
    "name": { "str": "Shaed Shimmer" },
    "description": "Shaeds are the eighteenth-generation offspring of the Infernal King's eighteenth grandson, the Heir to the Sundered Skies. They are mirages whose life essence is darkness. In the light of Amun-Ra, they perish. In darkness, they reign supreme.",
    "sprite": "fd_fog",
    "message": "The shadows begin to churn and froth, as if ink had been carelessly spilt along the corners of things. You start to realize the extensive coverage of the abyss in the surface world. Shadows are everywhere.",
    "valid_targets": [ "ground" ],
    "flags": [ "CONCENTRATE", "NO_HANDS", "NO_LEGS", "IGNORE_WALLS", "SILENT" ],
    "spell_class": "DEVILSPAWN",
    "min_damage": 1,
    "max_damage": 6,
    "damage_increment": 0.9,
    "min_range": 6,
    "max_range": 6,
    "min_aoe": 3,
    "max_aoe": 3,
    "effect": "summon",
    "effect_str": "devilspawn_shaedstuff",
    "max_level": 6,
    "difficulty": 6,
    "skill": "devilspawnveneration",
    "energy_source": "HP",
    "base_casting_time": 150,
    "final_casting_time": 50,
    "casting_time_increment": -5.0,
    "base_energy_cost": 15,
    "final_energy_cost": 15,
    "min_duration": 50000,
    "max_duration": 150000,
    "duration_increment": 5000
  },
  {
    "id": "devilspawn_sword",
    "type": "SPELL",
    "name": { "str": "Lance of the Unnamed" },
    "description": "The Macabre King has procured you a legacy you may pass to future generations. A weapon to surpass mortality.",
    "sprite": "fd_fog",
    "message": "All are equal under the guillotine.",
    "valid_targets": [ "self" ],
    "flags": [ "CONCENTRATE", "NO_HANDS", "NO_LEGS", "IGNORE_WALLS", "SILENT" ],
    "spell_class": "DEVILSPAWN",
    "effect": "spawn_item",
    "effect_str": "devilspawn_bone",
    "max_level": 6,
    "difficulty": 9,
    "skill": "devilspawnveneration",
    "energy_source": "HP",
    "base_casting_time": 80,
    "final_casting_time": 60,
    "casting_time_increment": -8.0,
    "base_energy_cost": 50,
    "final_energy_cost": 50,
    "min_duration": 100000,
    "max_duration": 600000,
    "duration_increment": 8000
  }
]